Company Name,Manufacturer/Supplier,Category,Specialty,MOQ,Website,Used By,Email,Phone Number,Country of Origin
Pedrosa & Rodrigues,Manufacturer,Jersey Knitwear,"Womenswear, Menswear, Children's & Baby",,https://www.pedrosa-rodrigues.pt/,Aimé Leon Dore,mail@pedrosa-rodrigues.pt,(+351) 253 830 120,Portugal
Asial de Calçado,Manufacturer,Footwear (Shoes),Womenswear & Menswear,,https://www.asial.pt,Available Upon Request,Web Form,(+351) 253 054 600,Portugal
Cotton Blends,Manufacturer,"Jersey, French Terry, Outerwear (Vests & Jackets), Skirts, Polo Shirts, Sweatshirts & Dresses","Womenswear, Menswear, Children's & Baby",,https://cottonblends.pt,Holzweiler,info@cottonblends.pt,(+351) 253 191 782,Portugal
Mundotêxtil,Supplier,French Terry & Baby Terry,"Womenswear, Menswear, Children's & Baby",,https://www.mundotextil.pt/,Available Upon Request,geral@mundotextil.pt,(+351) 253 489 420,Portugal
Riopele,Supplier,"Synthetic, Artificial & Recycled fabrics","Womenswear, Menswear, Children's & Baby",,https://www.riopele.pt,Available Upon Request,riopele@riopele.pt,(+351) 252 990 990,Portugal
Malhas Da Torre,Manufacturer,Knitwear,"Womenswear, Menswear, Children's & Baby",,https://malhasdatorre.com,Available Upon Request,geral@malhasdatorre.com,(+351) 252 860 010,Portugal
Youngstar,Manufacturer,Private Label,"Womenswear, Menswear & Children",,https://youngstar.com.pt/,Available Upon Request,Web Form,Pending,Portugal
RTG Textiles,Manufacturer/Supplier,Knitwear,"Womenswear, Menswear & Children",,https://www.rtggroup.com/textiles,Colourful Standard,production@rtggroup.com,Pending,Portugal
Create Fashion Brand,Manufacturer,Jersey Knitwear,"Womenswear, Menswear & Children",,https://createfashionbrand.com/,"Represent, Palace, Moschino, GIvenchy, Palms Angels, Our Legacy, Cole Buxton & Casablanca",hello@createfashionbrand.com,(+351) 253 784 376,Portugal
Friendly Factories,Manufacturer,Knitwear,"Womenswear, Menswear & Children",,https://www.friendlyfactories.com/,Heron Preston,Web Form,Pending,Portugal
Goucam,Manufacturer,Formal Wear,Womenswear & Menswear,,https://www.goucam.com/,Lacoste & Hugo Boss,goucam@goucam.com,(+351) 232 470 260,Portugal
AAC Textiles,Manufacturer/Supplier,All,"Womenswear, Menswear, Children's & Baby",,https://www.aactextiles.com/,Coach,info@aactexteis.pt,(+351) 252 800 200,Portugal
Barata Garcia,Manufacturer,Knitwear,"Womenswear, Menswear, Children's & Baby",,https://baratagarcia.com,Available Upon Request,barata@baratagarcia.com,(+351) 253 830 100,Portugal
Confetil,Manufacturer/Supplier,All,Womenswear & Menswear,,http://www.confetil.com/,Available Upon Request,contactus@confetil.com,(+351) 229 619 110,Portugal
Silsa,Manufacturer/Supplier,Knitwear,"Womenswear, Menswear & Children",,https://www.silsa.pt,Acne Studios,silsa@silsa.pt,(+351) 253 809 140,Portugal
Petratex,Manufacturer,"Knitwear, Outerwear, Sportswear & Accessories","Womenswear, Menswear & Children",,https://www.petratex.com/en/,Speedo,petratex@petratex.com,(+351) 255 868 000,Portugal
Addvance Studio,Manufacturer/Supplier,Footwear (Shoes),"Womenswear, Menswear & Children",,https://addvance.pt,Available Upon Request,info@addvancestudio.com,Pending,Portugal
ASBX,Manufacturer/Supplier,Knitwear,Blanks for Womenswear & Menswear,50 pcs,https://asbx.pt/,Aimé Leon Dore,production@asbx.pt,(+351) 937 299 800,Portugal
Tetribérica,Manufacturer,Knitwear,"Womenswear, Menswear & Children",,https://www.tetriberica.com/,Available Upon Request,geral@tetriberica.com,(+351) 252 490 010,Portugal
Flaj,Manufacturer,Footwear (Shoes),Menswear,,https://www.flaj.pt,Available Upon Request,info@flaj.pt,(+351) 253 483 262,Portugal
Sonix,Manufacturer,Knitwear & Outerwear,Womenswear & Menswear,,https://www.sonix.pt/,Available Upon Request,info@sonix.pt,(+351) 253 802 040,Portugal
Mees,Manufacturer,Footwear (Shoes),"Womenswear, Menswear, Children & Baby",,https://mees.productions/,Available Upon Request,info@mees.productions,Pending,Portugal
Valerius,Manufacturer/Supplier,Knitwear,"Womenswear, Menswear & Children",,http://www.valerius.pt/,Available Upon Request,valerius@valerius.pt,(+351) 253 802 750,Portugal
Cotton Answer,Manufacturer/Supplier,Knitwear,"Womenswear, Menswear & Children",,https://cottonanswer.pt/,Available Upon Request,geral@cottonanswer.pt,(+351) 253 801 110,Portugal
Fermir,Manufacturer/Supplier,All,"Womenswear, Menswear & Children",,http://www.fermir.com/,Available Upon Request,geral@fermir.com,(+351) 253 439 190,Portugal
Polopiqué,Supplier,Knitwear,"Womenswear, Menswear, Children & Baby",,https://polopique.pt/,PANGAIA,hello@polopique.pt,(+351) 253 480 100,Portugal
Becri Group,Manufacturer,Knitwear,"Womenswear, Menswear & Children",350 pcs,https://www.becrigroup.com,Available Upon Request,becrigroup@becrigroup.pt,(+351) 253 839 230,Portugal
Source Textile,Supplier,Knitwear,"Womenswear, Menswear, Children & Baby",,https://sourcetextile.pt/,Available Upon Request,geral@sourcetextile.pt,Pending,Portugal
RDD Textiles,Supplier,Knitwear,"Womenswear, Menswear, Children & Baby",,https://rddtextiles.pt,Available Upon Request,info@rddtextiles.pt,(+351) 253 802 790,Portugal
Pure Cotton,Manufacturer/Supplier,Knitwear,"Womenswear, Menswear & Children",,https://purecotton.pt/,Available Upon Request,geral@purecotton.pt,(+351) 253 821 256,Portugal
JF Almedia,Supplier,All,"Womenswear, Menswear, Children & Home",,https://www.jfa.pt/,Available Upon Request,geral@jfa.pt,(+351) 253 560 000,Portugal
Tintex Textiles,Supplier,"Jersey Knit, Althleisure & Intimates","Womenswear, Menswear & Children",,https://tintextextiles.com/,Available Upon Request,hello@tintextextiles.com / info@tintextextiles.com,(+351) 251 708 200,Portugal
Somelos,Supplier,Knitwear (Cotton),"Womenswear, Menswear & Children",,https://www.somelos.pt,Available Upon Request,tecidos@somelos.pt,(+351) 253 540 402,Portugal
Anglotex,Manufacturer/Supplier,Knitwear,"Womenswear, Menswear, Children & Baby",,https://anglotex.pt,Available Upon Request,Web Form,Pending,Portugal
Adalberto Studio,Supplier,Knitwear,"Womenswear, Menswear & Home",,https://adalbertostudio.com/,Available Upon Request,mbaptista@adalberto.pt,(+351) 252 870 060,Portugal
Triwool,Manufacturer/Supplier,Knitwear,"Womenswear, Menswear & Children",,https://www.triwool.pt/,Available Upon Request,info@triwool.pt,(+351) 220 934 168,Portugal
Impetus Group,Manufacturer,"Jersey Knit, Althleisure & Intimates","Womenswear, Menswear & Children",,https://www.impetus.pt/,"Eden Park, IAM, Impetus & Protechdry",geral@impetus.pt,(+351) 253 859 210,Portugal
Coton Couleur,Manufacturer,Cotton,Home & Hospitality Textiles,,https://cotoncouleur.com/,Available Upon Request,contact@concouleur.com,(+351) 253 193 711,Portugal
Calvi,Manufacturer/Supplier,Knitwear,"Womenswear, Menswear & Children",,https://www.confeccoescalvi.pt,Available Upon Request,geral@confeccoescalvi.pt,(+351) 253 587 028,Portugal
Etfor,Manufacturer,Knitwear,"Womenswear, Menswear & Children",,https://etfor.com/,Available Upon Request,info@etfor.com,(+351) 253 879 000,Portugal
Belfama,Manufacturer,French Terry & Baby Terry,Home & Hospitality Textiles,,https://belfama.com/,Available Upon Request,info@belfama.com,(+351) 253 560 450,Portugal
"Têxteis Penedo, SA.",Manufacturer,Jacquard,Home & Hospitality Textiles,,https://tpenedo.pt,Available Upon Request,geral@tpenedo.pt,(+351) 253 422 300,Portugal
TMG Group,Manufacturer/Supplier,All,"Womenswear, Menswear & Children",,https://www.tmg.pt/,Available Upon Request,Web Form,Pending,Portugal
Calvelex,Manufacturer/Supplier,"Knits, Wovens & Formalwear",Womenswear & Menswear,,https://www.calvelex.com/,Available Upon Request,calvelex@calvelex.com,(+351) 255 880 320,Portugal
Givachoice Garments,Manufacturer,Knitted & Wovens,Womenswear,,https://givachoice.com,Available Upon Request,geral@givachoice.com,(+351) 255 892 766,Portugal
Mazoni,Manufacturer,Footwear (Shoes),"Womenswear, Menswear & Children",,https://www.mazoni.pt/,Available Upon Request,info@mazoni.pt,(+351) 255 310 980,Portugal
Isi Soles,Manufacturer,Footwear (Shoes) - Outsoles,"Womenswear, Menswear & Children",,https://isisoles.eu,Available Upon Request,isi@isisoles.com,(+351) 255 313 845,Portugal
Carité,Manufacturer,Footwear (Shoes),Womenswear & Menswear,,http://www.carite.pt/,Adidas,info@carite.pt,(+351) 255 310 660,Portugal
Kajur Shoes,Manufacturer,Footwear (Shoes),"Womenswear, Menswear & Children",,https://kajur.pt/,Available Upon Request,emilia.sousa@kajur.pt / emilia.exportacao@kajur.pt,(+351) 255 314 716,Portugal
A&R Pontes,Manufacturer,Footwear (Shoes),Womenswear & Menswear,,https://www.arpontes.com/,Available Upon Request,info@arpontes.com,(+351) 253 520 040,Portugal
Claudifel Shoes,Manufacturer,Footwear (Shoes),"Womenswear, Menswear & Children",,https://www.claudifelshoes.com/,Available Upon Request,geral@claudifelshoes.com,(+351) 255 310 450,Portugal
Chang Shin,Manufacturer,Footwear (Shoes),"Womenswear, Menswear & Children",,http://www.changshininc.com,Nike,Web Form,051 960 8800,Vietnam & China
Un-Available,Manufacturer,All,"Womenswear, Menswear & Children",,https://www.un-available.net,"Palace, Stussy, Daily Paper, Patta, Brain Dead, Aimé Leon Dore, Kith & Golf Wang",tu.le@un-available.net,329997404,Vietnam
Maxport LTD,Manufacturer,Outerwear & Activewear,"Womenswear, Menswear & Children",,http://maxportlimited.com/,"Nike, Off-White, Supreme, Gymshark, Arcteryx & Kathmandu",Web Form,(+84) 0243 558 0941,Vietnam
NOBLAND,Manufacturer/Supplier,Knitwear & Wovens,"Womenswear, Menswear & Children",,http://www.nobland.com/,"Kith, Levis & Gap",info@nobland.com,(+82) 2 405 5700,Vietnam & South Korea
Inqube,Manufacturer,"Knitwear, Wovens & Activewear","Womenswear, Menswear & Children",,https://www.inqube.com/,"Uniqlo, Lululemon, Victoria Secret & Gap",info@inqube.com,(+94) 11 755 5444,Sri Lanka
Ever-Glory Interantional Group Apparel,Manufacturer,All,Womenswear & Menswear,,http://www.ever-glory.com/,Carhatt & Guess,jack_sun@ever-glory.com,Pending,Vietnam
Rainbow Textile,Manufacturer/Supplier,Knitwear,"Womenswear, Menswear, Children & Home",,https://rainbowtextile.com/,Carhatt & Under Armour,Web Form,(+92) 21-36952951,Pakistan
Wan-Fung,Manufacturer/Supplier,All,Womenswear & Menswear,,http://www.wan-fung.com,"Ralph Lauren, Alexander Wang, DKNY, Versace, Calvin Klein, Christian Dior & Armani",admin@wang-fung.com,(852) 2753 1338,China & Italy
PT SINGA GLOBAL TEKSTIL (NIRWANA GROUP),Supplier,Jersey Knitwear,"Womenswear, Menswear & Children",,https://nirwanagroup.co.id/en/,"Gap, Avirex, Forever 21, Hush Puppies, H&M",info@nirwanagroup.co.id,(+62) 22 85962076 / (+62) 22 85962081,Indonesia
PT. Kharisma Lestari Jaya,Manufacturer,"Jeans, Medical Uniform & Workwear","Womenswear, Menswear & Children",,https://kharismagarmindo.com,"Nevada, ECKO, Diesel, Ralph Lauren & Armani Exchange",info@kharismagarmindo.com/nicholaspradana@gmail.com/ joe88.kharisma@gmail.com,(+62) 813 2199 8888 / 0812 2226 1977,Indonesia
Gamatex,Supplier,Denim,"Womenswear, Menswear & Children",,https://gamatex.co.id/,Kharisma Garmindo,marketing@gamatex.co.id/defri@gamatex.co.id,(+62) 22 603 1360,Indonesia
Multatex Garment,Manufacturer,"Jersey Knit, Althleisure & Intimates","Womenswear, Menswear, Children & Baby",,https://multratexgarment.com/,Honda & Samsung,cs@multratexgarment.com,(+62) 811 225 2268,Indonesia
Hochang International,Manufacturer,Headwear,"Womenswear, Menswear & Children",,http://hochangcap.com/,"Palace, Von Dutch",hochangsite@hochangcap.com,(+82) 2 2668 6720,Vietnam & South Korea
TANDE,Manufacturer,Outerwear,"Womenswear, Menswear & Children",,https://www.tande.com.vn/,"North Face, Patagonia, Lululemon & Under Armour",info@tande.com.vn,(+84) 24 3858 3225,Vietnam
Fulgent Sun Group,Manufacturer,Footwear (Shoes),"Womenswear, Menswear & Children",,https://www.fulgentsun.com,"Converse, Vans, Hoka, Timberland & The North Face",Web Form,886 5 5514619,"Vietnam, Cambodia & Taiwan"
Sinwah,Manufacturer,Knitwear,"Womenswear, Menswear & Children",,https://sinwah.com/,"Juicy Couture, Tommy Hilfiger, Ralph Lauren & The North Face",info@sinwah.com,(+06) 951 7982,Vietnam & Malaysia
Style Textile,Manufacturer/Supplier,Knitwear & Activewear,"Womenswear, Menswear & Children",,http://www.styletextile.com,"Zara, Nike, Levis, Tommy Hilfiger, Victoria Secret, Adidas, Gap, Reebok & Calvin Klein",Web Form,(+92) 42 35123064,Pakistan
Invictus Fashion Group,Manufacturer,Jewelry,All,,https://www.invictusfashiongroup.org,"Chrome Hearts, Carnival, Hellstar & RIPNIP",Web Form,Web Form,Italy & Thailand
Four Star Garment & Textile Ltd.,Manufacturer/Supplier,"Knitwear, Wovens & Athleisure","Womenswear, Menswear & Children",,https://www.fourstar.co.th/,"Nike, Woolrich, Next & Von Dutch",thingjit@fourstar.co.th/juy@fourstar.co.th,(+66) 2 802 1323,Thailand
VT Garment,Manufacturer,Recycled Polyester,"Womenswear, Menswear & Children",,https://www.vtgarment.com/,"Patagonias, Adidas, Columbia & Mont-Bell",contact@vtgarment.com,(+66) 2 294 0921,Thailand & Myanmar
Pak Tak Knitting Factory Ltd,Manufacturer,"Knitwear, Cut & Sew","Womenswear, Menswear & Children",,https://ptkt.com.hk/,"Kith, Asos & Ralph Lauren",enquiry@ptkt.com.hk,852 2676 2882,"Hong Kong, China & Thailand"
Vanbestco. Ltd,Manufacturer,Footwear (Shoes),"Womenswear, Menswear & Children",,http://www.vanbestco.com,"Versace, Acne Studios, Brain Dead, Gant & Mont-Bell",info@vanbestco.com,(+886) 2 2758 1515,Taiwan
Reliable Source Industrial,Manufacturer,Activewear,"Womenswear, Menswear & Children",,https://www.rsiapparel.com/,"Gymshark, Arcteryx, Lululemon, Athleta & Under Armour",Web Form,Web Form,Taiwan
Knit Sources,Manufacturer,Knitwear (Sweaters),Womenswear,,https://knitsources.com/,"Maje, Sandro, Everlane, Zara, Armani, Ted Baker & All Saints",enquiry@knitsources.com.hk,Web Form,China
"Zhejiang Xinlan Textile Co., Ltd",Manufacturer/Supplier,Denim,Womenswear & Menswear,,http://www.xinlantextile.com/,Available Upon Request,jerry@xinlancn.com,0579-88132115,China
WFS Cashmere,Supplier,"Cashmere, Wool, Silk & Knits","Womenswear, Menswear, Children & Baby",,https://www.wfscashmere.com/,Available Upon Request,wfs808@wfscashmere.com,(+86) 0531 67880614,China
Sitoy Group,Manufacturer,"Handbags, Leather goods & Travel goods",Womenswear & Menswear,,https://www.sitoy.com/,Available Upon Request,cs@sitoyretailing.com,(852) 2345 0295,Hong Kong
Black Q,Manufacturer/Supplier,"Knitwear, Outerwear, Eveningwear, Denim & Wovens","Womenswear, Menswear & Children",,https://blackq.de,"Alexander McQueen, Casablanca, JW Anderson & Proenza Schouler",info@blackq.de,(+86) 573 899 917 59 / (+49) 177 623 7777,"China, Germany, Vietnam & Madagascar"
Eleven After Eleven,Manufacturer/Supplier,Skate Brands,"Womenswear, Menswear & Children",,https://www.elevenaftereleven.net/,"Palace, YardSale, Huf, Alltimers & Adidas",info@elevenaftereleven.net,(+852) 2881 1774,Hong Kong
Lever Style,Manufacturer,"Activewear, Athleisure","Womenswear, Menswear & Children",,https://www.leverstyle.com,"Spanx, Arcteryx, Helly Hanson & J.Lindeberg",info@leverstyle.com,Pending,Hong Kong
Pacific Jeans,Manufacturer,Jeans,"Womenswear, Menswear & Children",,https://www.pacificjeans.com/,"Zara, Uniqlo, H&M, Wrangler, Lee, American Eagle, ASOS, River Island & Mango",info@pacificjeans.com,(+880) 31-741006-8,Bangladesh
"Dangroup Production (Dangshang) Co., Ltd",Manufacturer,"Wovens, Dresses, Skirts, Pants & Outerwear","Womenswear, Menswear & Children",,https://www.dangroup.dk/,"Holzweiler, Saint Tropez & Modstrom",mina@dangroup.com.cn,(0086) 512 8295 2807,Denmark
Nantong Foremost Garments & Accessories,Manufacturer,Headwear,"Womenswear, Menswear & Children",25 pcs,https://www.foremosthat.com,"Carhartt, Supreme, The North Face & Palace",hat@4mostcaps.com,(+86) 513-85675888,China
Hangzhou EverSun Fashion,Manufacturer,Knitwear & Accessories,Womenswear & Menswear,,http://www.eversunfashion.com/,"Stussy, Zara, NEXT, Matalan & Forever 21",Web Form,13867454289,China & Myanmar
SC Fashion,Manufacturer/Supplier,"Silk, Viscose, Dresses",Womenswear,,https://www.scfashion.online/,"Stussy, All Saints, Ted Baker, Eileen Fisher & Coach",maria@scfashion.com,(+86) 136-644-0582,China & Netherlands
Echotex,Manufacturer,"Knitwear, Screenprinting","Womenswear, Menswear & Children",,https://www.echotex.com/,"Asos, Zara, Primark, H&M, Wax London, Bershka",Web Form,(+880) 2-988-1717,Bangladesh
Urmi Group,Manufacturer,Knitwear,"Womenswear, Menswear & Children",,https://urmigroup.com/,"Uniqlo, Puma, H&M, Marks & Spencer",Web Form,(+880) 2-883-7616,Bangladesh
Fakir Apparels,Manufacturer,"Outerwear, Active Wear","Womenswear, Menswear & Children",,https://fakirapparels.com,"Zara, H&M, Primark, Next & Mango",info@fakirapparels.com,(+880) 299-774-6660,Bangladesh
Snowtex Group,Manufacturer,"Work Wear, Safetly, Outerwear & Active Wear","Womenswear, Menswear & Children",,http://snowtex.com.bd/,"Columbia, Decathalon & Alphabroder",info@snowtex.org,(+880) 177-733-5242,Bangladesh
Anis Apparel,Manufacturer,Knitwear,Womenswear & Menswear,,https://www.anisapparel.com/,"Inditex, Mango, Bershka, New Look, Pull & Bear",Web Form,(+021) 3512-1208,Pakistan
ADM Denim,Supplier,Denim,"Womenswear, Menswear & Children",,https://www.admdenim.com/,Available Upon Request,sales@admdenim.com,(+92) 21 111-236-236,Pakistan
United Garments,Manufacturer/Supplier,"Knitwear, Wovens & Denim","Womenswear, Menswear & Children",,https://unitedgarments.com/,"Selfridges, Next & River Island",owais_khan@unitedgarments.com,(+92) 21 325-9500-4,Pakistan
Nishat Apparel,Manufacturer,Denim & Twill,"Womenswear, Menswear & Children",,https://nishatapparel.com.pk/,"Primark, Lyle & Scott & US Polo Assn.",info@nishatmills.com,Pending,Pakistan
Siddiqsons Limited,Manufacturer/Supplier,Knitwear & Denim,"Womenswear, Menswear, Children & Home",,https://www.thesiddiqsonsgroup.com/,Available Upon Request,info@siddiqsonsgroup.com,(+92) 21-35166522-4,Pakistan
AZ Apparel,Manufacturer/Supplier,Knitwear,"Womenswear, Menswear & Children",,https://azapparel.com/,"Zara, Mango, Bershka, Misguided & Playboy",myasir@azapparel.com,(+92) 41-8768102-5,Pakistan
Lahore Fashions,Manufacturer/Supplier,Knitwear & Activewear,"Womenswear, Menswear & Children",,https://lahorefashions.com/,"Next, Mango, Fat Face, Dunnes, JD & Topman",info@lahorefashions.com,(+92) 41-8758801-3,Pakistan
Klash,Manufacturer/Supplier,Knitwear,"Womenswear, Menswear & Children",,http://www.klashclothing.com,"M&S, Next, Primark & American Eagle",colin@klashclothing.com,(+92) 41-876-7828,Pakistan
Interloop,Manufacturer,Knitwear & Seamless,"Womenswear, Menswear & Children",,https://interloop-pk.com/,"Gymshark, Uniqlo, Hugo Boss, New Balance, Zara, Levis, Nike & Levis",corporatecommunication@interloop.com.pk,(+92) 41-4360400,Pakistan
Masood,Manufacturer/Supplier,Knitwear,"Womenswear, Menswear & Children",,https://masoodtextile.com/,"Tommy Hilfiger, Gymshark, Ferrari, Adidas, DC, Mango, Kappa, Quiksilver, Pull & Bear",waqasahmad@mtmho.com,(+92) 41-2600176,Pakistan
Image Garments,Manufacturer,Knitwear,"Womenswear, Menswear & Children",,https://www.imagegarments.com/,Available Upon Request,inquiries@imagegarments.com,(+92) 41-8779792,Pakistan
Delta Garments,Manufacturer,Denim & Twill,"Womenswear, Menswear & Children",,https://www.deltagarments.com.pk/,"Finish Line, PLT, Footasylum, Lee Cooper, Primark, Next & JD",Web Form,Web Form,Pakistan
Beacon Impex,Manufacturer,"Jersey Knit, Althleisure & Intimates","Womenswear, Menswear & Children",,https://beaconinpex.com/,"Pull & Bear, Puma & Head",info@beaconimpex.com,(+92) 41-2605076,Pakistan
Bills Inc,Manufacturer/Supplier,"Knitwear, Headwear & Denim","Womenswear, Menswear & Children",,http://www.bills-inc.com/,"Levis, Russell & Wrangler",sales@bills-inc.pk,(+92) 302-8231155,Pakistan
Artistic Apparels,Manufacturer,Jeans,"Womenswear, Menswear & Children",,https://artisticapparels.com/,"H&M, Zara, Next, New Look, Mango & River Island",info@artisticapparels.com,(+92) 21 111 786 135,Pakistan
Soorty,Manufacturer/Supplier,Denim,"Womenswear, Menswear & Children",,https://soorty.com,Available Upon Request,contactus@soorty.com,(+92) 213 870 9084,Pakistan & Bangladesh
Rajby Textiles,Manufacturer/Supplier,Denim,"Womenswear, Menswear & Children",,https://rajbytextiles.com/,"H&M, Next, George etc.",info@rajbytextiles.com,(+92) 21 35001671-79,Pakistan
Crystal International Group Ltd.,Manufacturer,"Jersey Knit, Althleisure, Intimates, Outdoor apparel & Denim",Womenswear & Menswear,,https://www.crystalgroup.com/,"GAP, Uniqlo, Victoria Secret etc.",info@crystalgroup.com,(+852) 2261 8888,"Hong Kong, Vietnam, China, Cambodia, Bangladesh & Sri Lanka"
Hop Lun,Manufacturer,Intimates & Swimwear,Womenswear,,https://www.hoplun.com/,Available Upon Request,enquiries@hoplun.com,(+852) 2359 9568,"Hong Kong, Bangladesh, China, Indonesia & Ethiopia"
Dakota Industrial CO. LTD.,Manufacturer/Supplier,"Knitwear, Athleisure & Swimwear","Womenswear, Menswear, Children's & Baby",,http://www.dakota.com.hk/,"H&M, Fila, Next & Ferrari",sales@dakota.com.hk,(+852) 2417 0768,Hong Kong
Kamfung Garment,Manufacturer/Supplier,"Knitwear, Outerwear & Pants",Womenswear & Menswear,,https://www.kamfung-garment.com.hk,"Givenchy, BAPE, Guess & Fila",merchand-1@kamfung-garment.com,(+852) 2466 6163,Hong Kong
TAL Apparel,Manufacturer,"Knitwear, Outerwear, Pants & Suits",Womenswear & Menswear,,https://www.talapparel.com/,Available Upon Request,info@talapparel.com,(+852) 2738 6211,Hong Kong & Vietnam
Epic Group,Manufacturer,Knitwear & Denim,Womenswear & Menswear,,https://www.epicgroup.global,"Uniqlo, Dunnes, Nautica, Dillards & Levis",info@epichk.com,(+852) 3512 0800,Hong Kong
Anata,Manufacturer,"Jersey Knit, Althleisure, Intimates, Outerwear, Denim & Suits",Womenswear & Menswear,,https://ananta-bd.com,"Tommy Hilfiger, Primark, Zara, H&M, River Island, Levis, GAP & Calvin Klein",info@ananta-bd.com,(+880) 963 866 6111,Bangladesh
Nova Palm Group,Manufacturer/Supplier,"Knitwear, Wovens, Sportswear, Outerwear, Dresses & Blouses","Womenswear, Menswear & Children",,https://www.novapalm.com,"H&M, Zara etc.",info@novapalm.com,(+852) 6533 1152,"Hong Kong, China, Myanmar, Bangladesh, Cambodia & Vietnam"
SBC Clothing,Manufacturer,"Knitwear, Pants",Womenswear & Menswear,,https://www.sbcclothing.hk,"Guess, Wrangler, Lee, River Island, Levis, CK & Vans",Barry@sbcclothing.hk & Samuel@sbcclothing.hk,(+852) 3689 5300,Hong Kong
Tada Knit,Manufacturer/Supplier,Denim,"Womenswear, Menswear & Children",,https://t-and-a-sewing-okayama.co.jp/.en/,"Purple Label North Face, Beams Japan and Nonnative",Web Form,0867-42-3778,Japan
Manifatture Mediterraneo,Manufacturer,Outerwear,Womenswear & Menswear,,https://www.manifatturemediterraneo.it/it/,Fendi & Giorgio Armani,Web Form,(+39) 0941 784264,Italy
Luxottica,Manufacturer/Supplier,Eyewear,Womenswear & Menswear,,https://www.luxottica.com/en/,"Chanel, Prada, Oakley, Ray-Ban, Burberry & Gucci",Web Form,Web Form,Italy
Sacchetti Maglierie,Manufacturer,Knitwear,Womenswear & Menswear,,https://sacchettimaglierie.it/en/home-eng/,Available Upon Request,info@sacchettimaglierie.it,(+39) 059 691557,Italy
Tessilechiti,Manufacturer,Knitwear & Wovens,All,,https://www.tessilechiti.it/?lang=en,Available Upon Request,info@tessilechiti.it,(+39) 0574 798719,Italy
Luxury Leather,Manufacturer,Leather Goods,Womenswear & Menswear,,https://www.luxuryleather.it,Available Upon Request,info@luxuryleather.it,Web Form,Italy
Zetabi Denim,Manufacturer,Denim,Womenswear & Menswear,,https://www.zetabidenim.it/en/,Acne Studios,amministrazione@zetabisrl.it,(+39) 071 9090217,Italy
Carvico,Manufacturer,"Activewear, Beachwear, Intimates & Footwear",Womenswear & Menswear,,https://www.carvico.com/en/,Gymshark & Shark,info@carvico.com,(+39) 035780111,Italy
Limonta,Manufacturer,"Leather Goods, Outerwear & Footwear",Womenswear & Menswear,,https://www.limonta.com/en/,"Louis Vuitton, Gucci & Prada",info@limonta.com,(+39) 031 857111,Italy
Belee Milano,Manufacturer,"Knitwear, Outerwear, Denim, Jersey & Leatherwear",Womenswear & Menswear,,https://www.beleemilano.com,Available Upon Request,info@beleemilano.com,(+39) 02 303104492,Italy
Canepa,Supplier,"Knitwear, Wovens, Silk, Linen & Synthetic Fabrics",Womenswear & Menswear,,http://www.canepa.it/,LVMH & Kering,info@canepa.it,(+39) 031 219111,Italy
Vitale Barberis Canonico,Manufacturer/Supplier,Wool,"Womenswear, Menswear, Children & Baby",,https://vitalebarberiscanonico.com/,Available Upon Request,info@vitalebarberiscanonico.it,(+39) 015 7388855,Italy
Albini Group,Supplier,All,"Womenswear, Menswear, Children & Baby",,https://www.albinigroup.com/en/,Available Upon Request,info@albinigroup.com,(+39) 035 777 111,Italy
Ratti,Supplier,All,"Womenswear, Menswear, Children, Baby & Home",,https://www.ratti.it/en,"Bikkembergs, Elie Saab, Givenchy, Léonard Paris, Piquadro & Ungaro",ratti@ratti.it,(+39) 031 35351,Italy
Clerici Tessuto,Manufacturer/Supplier,Knitwear,"Womenswear, Menswear, Children, Baby & Home",,https://clericitessuto.it/en/,Available Upon Request,info@clericitessuto.it,(+39) 031 455 111,Italy
Martinelli Ginetto Group,Manufacturer/Supplier,All,"Womenswear, Menswear, Children, Baby & Home",,https://www.martinelliginettogroup.it/en/home.html,Available Upon Request,info@martinelliginettogroup.it,(+39) 035 725011,Italy
Manteco,Supplier,Wool,"Womenswear, Menswear, Children, Baby & Home",,https://manteco.com/,Upcoming brands,digital@manteco.com,(+39) 0574 6261,Italy
Canclini,Manufacturer,"Knitwear, Jacquard, Wool, Linen & Shirting","Womenswear, Menswear & Children",,https://www.canclini.it,Available Upon Request,info@canclini.it,(+39) 031 3527511,Italy
Archille Pinto,Manufacturer/Supplier,"Knitwear, Wovens, Silk, Linen & Synthetic Fabrics","Womenswear, Menswear & Children",,https://www.achillepinto.com/,Available Upon Request,info@achillepinto.com,(+39) 031 398611,Italy
Bonotto,Manufacturer/Supplier,Knitwear,"Womenswear, Menswear & Children",,https://www.bonotto.biz/en,LVMH,bonotto@bonotto.com,(+39) 0424 411701,Italy
Piacenza 1733,Manufacturer/Supplier,Knitwear & Wovens,All,,https://www.piacenza1733.com,Available Upon Request,info@piacenza1733.com,(+39) 015 6191733,Italy
CAMI Confezioni,Manufacturer,Outerwear,All,,https://www.camiconfezioni.it/en,Available Upon Request,"info@camiconfezioni.it & 
martina@camiconfezioni.it",(+39) 0941 901957,Italy
Gianangeli,Manufacturer,Knitwear,Womenswear,,https://www.gianangeli.net,Available Upon Request,gianangeli@gianangeli.com,(+39) 075 6920193,Italy
Maglificio Marilina,Manufacturer,Knitwear,Womenswear,,https://maglificiomarilina.com/en,Available Upon Request,info@maglificiomarilina.it,(+39) 075 847 2327,Italy
Gemma,Manufacturer,Knitwear & Outerwear,Womenswear & Menswear,,https://gemma.it/en/,Available Upon Request,gemma@gemma.it,(+39) 0331 881314,Italy
Pattern Group,Manufacturer,Knitwear & Leather Goods,Womenswear & Menswear,,https://www.patterngroup.it/en,Available Upon Request,pattern@pattern.it,(+39) 011 4531597,Italy
Cardinalini,Manufacturer/Supplier,Jersey Knits,Womenswear & Menswear,,https://www.cardinalini.com,Available Upon Request,info@cardinalini.com,(+39) 0744 930265,Italy
Ommy Srl,Manufacturer/Supplier,Knitwear,"Womenswear, Menswear, Children & Baby",,https://www.ommysrl.it,Available Upon Request,info@ommysrl.it,(+39) 0721 403590,Italy
Manifatture LG,Manufacturer,Knitwear & Accessories,Womenswear & Menswear,,https://www.manifatturelg.it/en/home,Available Upon Request,Web Form,(+39) 0883 390675,Italy
Hoplites S.R.L,Manufacturer/Supplier,"Knitwear, Outerwear, Dresses & Formal Wear",Womenswear & Menswear,,https://www.hoplites.eu,Available Upon Request,Web Form,(+39) 0883 887321,Italy
NF Group,Manufacturer/Supplier,"Knitwear, Schoolwear, Workwear & Sportswear","Womenswear, Menswear, Children & Hospitality",40 pcs,http://www.nfgroup.it,Available Upon Request,info@nfgroup.it,(+39) 0653 273381,Italy
Con. Fi Fashion Service,Manufacturer,"Knitwear, Pants, Outerwear & Dresses",Womenswear & Menswear,50 pcs,https://www.confifashionservice.com/?lang=en,Diesel & A Kind of Guise ,hello@confifashionservice.com,(+39) 3792 583989,Italy
Piellepiù,Manufacturer/Supplier,Knitwear & Wovens,"Womenswear, Menswear, Children & Baby",,https://www.piellepiu.it/en/,Available Upon Request,info@piellepiu.it,(+39) 0574 730195,Italy
Sartis,Manufacturer,Outerwear,Womenswear & Menswear,,https://sartis.eu/en/,"Moncler, Max Mara, Prada, D&G, Dainese, & Versace",info@sartis.eu,(+39) 0415 952753,Italy
Confezioni Velvet,Manufacturer,"Knitwear, Skirts & Pants",Womenswear,,https://www.confezionivelvet.com/?lang=en,Available Upon Request,info@confezionivelvet.it,(+39) 0309 937451,Italy
Forever Fashion,Manufacturer,Knitwear,Womenswear & Menswear,,https://forever-fashion.it/,Available Upon Request,info@forever-fashion.it,Web Form,Italy
Studio Moda 83 S.R.L,Manufacturer,"Knitwear, Skirts, Outerwear, Athleisure & Pants",Womenswear,,https://studiomodaa83.it,Available Upon Request,info@studiomoda83.it,(+39) 0742 99973,Italy
Graphi Mode,Manufacturer,"Knitwear, Skirts, Outerwear, Athleisure & Pants",Womenswear,,https://graphimode.com/en./home-en/,"Versace, Valentino, Diesel Black Gold, Just Cavalli, Jacob Cohen, Raf Simons & Aeronautica Militare",info@graphimode.com,(+39) 0499 200222,Italy
Parafioriti,Manufacturer,"Knitwear, Skirts, Outerwear, Formal Wear & Pants",Womenswear,,https://parafioriticonfezioni.it/en/,"LVMH, Kering & Richemont",info@parafioriticonfezioni.it,(+39) 0547 403691,Italy
Memteks Textiles,Manufacturer,Activewear & Athleisure,Womenswear & Menswear,,https://memteks.com/#,Gymshark,info@memteks.com,(+90) 212 422 57 67,Turkey
Gelisim,Manufacturer,Knitwear,"Womenswear, Menswear & Children",,https://gelisimtekstil.com.tr/,"The North Face, Napapijri, Timberland & Vans",info@gelisimtekstil.com.tr,(+90) 212 886 60 40,Turkey
Barco Textile,Manufacturer,"Sportswear, Swimwear, Activewear & Athleisure",Menswear,,https://barco.com.tr/textile/,"Moncler, Lacoste, Hugo Boss, Armani, The North Face, Napapijri, Superdry & Guess",barco@barco.com.tr,(+90) 212 867 49 00,Turkey
Chantuque,Manufacturer,Denim,Womenswear & Menswear,,https://www.chantuque.com/,"ASOS, River Island & Alexander Wang",info@chantuque.com,(+202) 2273 27 65,Turkey
Aster Textile,Manufacturer,Knitwear,Womenswear & Menswear,,https://www.astertextile.com/en/,"Lacoste, Nude Project, Urban Outfitters, Sandro Paris & The North Face",info@astertextile.com,Web Form,Turkey
Maia Sourcing,Manufacturer,"Jersey Knits, Knitwear, Activewear, Athleisure & Accessories",Womenswear & Menswear,,https://www.maiasourcing.com/,Represent & Avirex,info@maiasourcing.com,(+31) 629 253 880,Turkey
Liberty Textile,Manufacturer,"Activewear, Athleisure & Intimates",Womenswear & Menswear,,https://libteks.com/,"Gymshark, Lululemon & Asics",info@libteks.com,0212 428 51 51,Turkey
Eurotex,Manufacturer,Activewear & Athleisure,Womenswear & Menswear,,https://www.eurotex.com.tr/,Skims,info@eurotex.com.tr,(+90) 212 438 54 25,Turkey
Zeriatex,Manufacturer,Wovens,Womenswear & Children,,https://zeriatex.com/,Zara,info@zeriatex.com,(+90) 212 677 65 22,Turkey
Besli Tekstil,Manufacturer,Knitwear,Womenswear,,https://www.beslitekstil.com.tr/,"ASOS, River Island, Reiss, Next & Mango",info@beslitekstil.com.tr,(+90) 212 689 85,Turkey
Han Textile,Manufacturer,Knitwear & Outerwear,Womenswear & Menswear,,https://hantextile.com.tr/,"Zara, ASOS, Bershka & GAP",info@hantextile.com.tr,(+90) 212 430 75 84,Turkey
Taha Group,Manufacturer/Supplier,Knitwear,Womenswear & Menswear,,https://www.tahagroup.com/,Ivy Park & ASOS,info@tahagroup.com,(+90) 212 446 39 90,Turkey
Blok Moda,Manufacturer,Knitwear,Womenswear & Menswear,,https://www.blokmoda.com.tr/,ASOS,info@blokmoda.com,(+90) 212 886 18 50,Turkey
Wishne Sourcing,Manufacturer,"Knitwear, Denim, Skirts & Outerwear",Womenswear & Menswear,,https://www.wishnesourcing.com/index.asp,ASOS & Next,info@wishnesourcing.com,(+90) 212 590 89 05,Turkey
Eker Örme,Manufacturer/Supplier,Knitwear,"Womenswear, Menswear & Chidren",,http://ekerorme.com/,"Topman, River Island & Urban Outfitters",omereker@ekerorme.com,(+90) 212 612 35 37,Turkey
Lives SAC,Manufacturer,Knitwear,Womenswear & Menswear,,https://www.lives.com.pe/,"Burberry, Helmut Lang, Marc Jacobs & Armani",commercial@lives.com.pe,(511) 247-3659 ext.230,Peru
Textil Del Valle SA,Manufacturer/Supplier,"Knitwear, Dresses & Outerwear",Womenswear & Menswear,,https://www.textildelvalle.pe/index.html,"Burberry, Lacoste, Lululemon & Calvin Klein",Web Form,(+51) 1 217-0900,Peru
Peruvian Sourcing Group S.A.C,Manufacturer,Knitwear,Womenswear & Menswear,,https://www.psgsac.com/,"Kith, Moose Knuckles, Orvis, Rag & Bone, Huckberry & Håndvaerk",lsoldevilla@psgsac.com,(511) 337-0038,Peru
Startex S.A,Manufacturer/Supplier,Workwear,Womenswear & Menswear,,http://www.startex.com.ar/,"Ralph Lauren, Timberland, New Era & The North Face",Web Form,Web Form,Argentina
Rocedes,Manufacturer/Supplier,Knitwear,Womenswear & Menswear,,http://www.rocedes.com.ni/,"Carhartt, Wrangler, Dickies & Nautica",contactus@rocedes.com,(+505) 2263 2032,Nicaragua
Roopa Knitting Mills Ltd.,Manufacturer/Supplier,Knitwear,"Womenswear, Menswear & Chidren",300 pcs,https://www.roopa.com/,"Supreme, Aimé Leon Dore & Kith",info@roopa.com,(905) 696-8333,Canada
Avid Apparel,Manufacturer/Supplier,Knitwear,"Womenswear, Menswear & Chidren",,https://theavidgroup.com,"StayMe7o, UFC, OVO, Lucasfilms, Universal Studios, Live Nation & Urban Outfitters",info@avidapparel.ca,1 (800) 258-5404,Canada
Nisa Fashion,Manufacturer,"Knitwear, Outerwear, Denim & Athleisure","Womenswear, Menswear & Chidren",,https://nisa-fashion.com/,NFL,nisafashionnyc@gmail.com,(347) 755-5755,United States
Jarash Holdings,Manufacturer/Supplier,Knitwear,"Womenswear, Menswear & Chidren",,https://jerashholdings.com/,"New Balance, Nike & The North Face",Web Form,201-285-7973,United States
US Standard Apparel,Manufacturer/Supplier,Knitwear,"Womenswear, Menswear & Chidren",,https://usstandardapparel.com/,"Gallery Dept., Call Her Daddy, GOLF & Stussy",info@usstandardapparel.com,323-488-8990,United States
Tefron,Manufacturer,Activewear & Athleisure,Womenswear & Menswear,,https://tefron.com/,Gymshark,Web Form,212-858-9586,United States
Euphoric Colors,Manufacturer/Supplier,Knitwear,Womenswear & Menswear,,https://www.euphoriccolors.com/,Available Upon Request,web@euphoriccolors.com,800-775-7227,United States
Stylus Apparel,Manufacturer,Knitwear,"Womenswear, Menswear, Children & Baby",,https://www.stylusapparel.com/,Available Upon Request,Web Form,Web Form,United States
Seam Apparel,Manufacturer,"Knitwear, Dresses & Activewear",Womenswear & Menswear,,https://seamapparel.com/,Available Upon Request,sales@seamapparel.com,323-925-2859,United States
Tack Apparel,Manufacturer,"Knitwear, Activewear & Outerwear","Womenswear, Menswear, Children & Baby",50 pcs,https://tackapparel.com/,Available Upon Request,sales@tackapparel.com,323-800-8653,United States
Good Clothing Company,Manufacturer,"Knitwear, Formal Wear & Pants",Womenswear,50 pcs,https://www.goodclothingcompany.com/,Available Upon Request,info@goodclothingcompany.com,508-567-5194,United States
Lefty Production,Manufacturer,"Formal Wear, Athleisure, Swimwear, Intimates, Leather Goods, Home & Accessories","Womenswear, Menswear & Children",,https://www.leftyproductionco.com/,"Ella Moss, Urban Outfitters & Nordstrom",Web Form,323-515-9266,United States
TEG The Evans Group,Manufacturer,"Knitwear, Formal Wear, Activewear & Bridal",Womenswear & Menswear,50 pcs,https://tegintl.com/,Moncler & Guess,Web Form,800-916-0910,United States
Ari Jogiel,Manufacturer,"Knitwear, Swimwear & Active Wear",Womenswear & Menswear,150 pcs,https://jogiel.com/,The North Face & Vans,theprocess@jogiel.com,213-265-7164,United States
Bomme Studio,Manufacturer,Knitwear & Swimwear,"Womenswear, Menswear & Children",,https://www.bommestudio.com/,Available Upon Request,Web Form,Web Form,United States
Made It LA,Manufacturer/Supplier, Knitwear,Womenswear & Menswear,,https://www.makeitla.com/,Available Upon Request,info@makeitla.com,323-813-6725,United States
Full Speed 100,Manufacturer/Supplier,"Knitwear, Outerwear, Denim Outerwear, Swimwear, Athleisure & Uniform",Womenswear & Menswear,,https://www.fullspeed100.com/,Available Upon Request,hq@fullspeed100.com,323-440-7448,United States
Luxury Knit,Manufacturer/Supplier,"Knitwear, Denim, Intimates, Swimwear, Dresses & Accessories",Womenswear & Menswear,,https://luxuryknit.com/,"Free People, Cintas & Wynn Las Vegas",info@luxuryknit.com,Web Form,United States
Argyle Haus,Manufacturer,"Knitwear, Formal Wear, Loungwear, Athleisure, Swimwear, Denim, Outerwear & Workwear",Womenswear & Menswear,25 pcs,https://www.argylehaus.com/,Available Upon Request,Web Form,818-979-9955,United States
AV Made,Manufacturer,"Knitwear, Formal Wear, Loungwear, Athleisure, Swimwear, Denim & Outerwear",Womenswear & Menswear,,https://avmade.com/,Fear of God & Vuori,Web Form,Web Form,United States
Culture Studio,Manufacturer/Supplier,"Cut & Sew, Screenprinting, Embroidery, Sublimation & Heat Transfer","Womenswear, Menswear & Children",,https://culturestudio.net/,"Live Nation, WWE & Universal Music Group",sales@culturestudio.net,(312) 243-8304,United States
Farzane Fox,Supplier,Knitwear & Accessories,"Womenswear, Menswear, Baby & Animals",,https://fazanefox.co.uk/,"Bella & Frank, Spirit & Grace & Dudley & Co.",fazane@productionlab.co.uk,Web Form,United Kingdom
F.Chand & Co,Manufacturer,Outerwear,Womenswear & Menswear,,https://fchand.co.uk/,"Represent, Jack Wills, Barbour, All Saints & Ben Sherman",info@fchand.co.uk,(+44) 0121 558 7726,United Kingdom
Cotton Frog,Manufacturer,"Knitwear, Outerwear, Hospitality & Workwear",Womenswear & Menswear,,https://www.cottonfrog.co.uk,Available Upon Request,sales@cottonfrog.co.uk,(+44) 0175 298 1844,United Kingdom
Oh Sew Whitty,Manufacturer,Knitwear & Wovens,Womenswear & Menswear,,https://www.ohsewwhitty.co.uk/,Mackintosh & Little Black Outfit,info@ohsewwhitty.co.uk,(+44) 0148 497 3601,United Kingdom
The Sampling Unit,Manufacturer,Formal Wear,Womenswear & Menswear,,https://www.thesamplingunit.co.uk/index.html,Available Upon Request,tsu.andrew@gmail.com,(+44) 0208 800 0911,United Kingdom
The Sewing Factory,Manufacturer,Activewear & Athleisure,Womenswear & Menswear,,https://www.thesewingfactory.co.uk/,Available Upon Request,info@thesewingfactory.co.uk,(+44) 0731 176 8176,United Kingdom
Inmano,Manufacturer,"Knitwear, Wovens, & Formal Wear",Womenswear & Menswear,5 pcs,https://inmano.co.uk/,"Fiorucci, Pikol & Mowalola",hiya@inmano.co.uk,(+44) 0798 557 5350,United Kingdom
Contrado,Supplier,Custom Fabrics,"Womenswear, Menswear, Children & Baby",,https://au.contrado.com/fabrics,Available Upon Request,info@contrado.com,Web Form,United Kingdom
Diamond Style,Manufacturer,Cut & Sew,"Womenswear, Menswear, Children & Baby",50 pcs,https://www.diamondstylesltd.com,Available Upon Request,info@diamondstylesltd.com,(+44) 0116 274 5776,United Kingdom
Ivyi Rose Creations,Manufacturer,Cut & Sew,"Womenswear, Menswear, Children & Baby",,https://www.ivyirosecreations.com,Available Upon Request,info@ivyirose.com,Web Form,United Kingdom
Musa Apparel,Manufacturer,"Knitwear, Wovens, Formal Wear and Eveningwear",Womenswear,25 pcs,https://www.musaapparel.co.uk,Katherine Hooker & Maquien,musaltd@hotmail.com,(+44) 0796 066 0661,United Kingdom
Intimate Apparel Sampes,Manufacturer,Intimates & Swimwear,Mens & Womenswear,,https://intimateapparelsamples.com,"Galvan London, Martine Rose & David Koma",hello@intimateapparelsamples.com,(+44) 0774 673 0489,United Kingdom
Dee Kay Knitwear,Manufacturer,Knitwear & Wovens,"Mens, Womens & Children's",,https://deekayknitwear.com,Available Upon Request,Web Form,(+44) 0116 253 7560,United Kingdom
Fashion Enter,Manufacturer,"Knitwear, Cut & Sew",Womens & Childrens,,https://www.fashion-enter.com,Asos,thefactory@fashion-enter.com,(+44) 0208 809 3311,United Kingdom
Grade House Ltd.,Manufacturer/Supplier,"Knitwear, Cut & Sew, Eveningwear, Wovens & Formal Wear","Menswear, Womenswear & Children's",,https://gradehouseltd.com,"Alexander McQueen, Victoria Beckham, Burberry, Casablanca & Acne Studios",info@gradehouseltd.com,(+44) 0203 544 2244,United Kingdom
Colourways Textiles,Manufacturer/Supplier,Knitwear & Jersey,Menswear & Womenswear,,https://colourwaystextiles.com,Available Upon Request,sales@colourwaystextiles.com,(+44) 0116 482 4215,United Kingdom
RA Smart,Supplier,Textile Printing,"Menswear, Womenswear & Children's",,https://www.rasmart.co.uk,Available Upon Request,hello@rasmart.co.uk,(+44) 0162 557 6232,United Kingdom
B Fashion Studios,Manufacturer,"Knitwear, Cut & Sew, Eveningwear, Wovens & Formal Wear","Menswear, Womenswear & Children's",,https://bfashionstudio.com/,"Ahluwalia, JW Anderson, Pangaia & Casablanca",info@bfashionstudio.com,(+44) 0780 923 5262,United Kingdom
Sew it in London,Manufacturer,"Knitwear, Cut & Sew, Eveningwear, Maternity & Formal Wear","Menswear, Womenswear & Children's",,https://www.sewitinlondon.co.uk,Available Upon Request,info@sewitinlondon.co.uk,(+44) 0203 477 3205,United Kingdom
Lucy Jane,Manufacturer,Pattern Cutter,"Menswear, Womenswear & Children's",,https://www.lucy-jane.com,Available Upon Request,studio@lucy-jane.com,(+44) 0787 574 7820,United Kingdom
Fabrika London,Manufacturer,"Knitwear, Cut & Sew","Menswear, Womenswear & Children's",,https://fabrikalondon.com,Gilda & Pearl & Fyodor Golan,info@fabrikalondon.com,Web Form,United Kingdom
Xpose Limited,Manufacturer,Knitwear & Accessories,"Menswear, Womenswear & Children's",25 pcs,https://xposeltd.co.uk,Topman & ASOS,info@xposeltd.co.uk,(+44) 0161 832 3408,United Kingdom
Tanya Dimitrova,Manufacturer,"Knitwear, Cut & Sew, Eveningwear, Wovens & Formal Wear","Menswear, Womenswear & Children's",1 pc,https://www.tanyadimitrova.com,The White Company & Reiss,tanya@tanyadimitrova.com,(+44) 0208 969 2483,United Kingdom
Denovo Apparel,Manufacturer/Supplier,"Knitwear, Cut & Sew","Menswear, Womenswear & Children's",,https://www.denovo-apparel.com,"Boohoo, In The Style, PLT, Oasis & Karen Millen",sales@denovoapparel.co.uk,Web Form,United Kingdom
Whos Who,Manufacturer,Knitwear & Jersey,"Menswear, Womenswear & Children's",,http://whoswholtd.com,"Asos, Nasty Gal & Topman",sales@whoswholtd.com,(+44) 0116 274 0199,United Kingdom
Whispering Smith,Manufacturer/Supplier,"Outerwear, Jersey, Knitwear, Wovens, Denim, Accessories & Footwear","Menswear, Womenswear & Children's",,https://www.whisperingsmith.com,Asos & Foot Asylum,sales@whisperingsmith.com,(+44) 0161 831 3700,United Kingdom
Poetic Gem,Manufacturer,"Knitwear, Accessories & Wovens","Menswear, Womenswear & Children's",,https://www.poeticgem.com,Next & Primark,contact@poeticgem.com,(+44) 0161 507 3443,United Kingdom
Hook & Eye,Manufacturer,Knitwear & Wovens,"Menswear, Womenswear & Children's",30 pcs,https://hookandeyeuk.com/,Dark Circle & Beneculture,Web Form,Web Form,United Kingdom
Lotus Garments Group,Manufacturer,Denim,"Menswear, Womenswear & Children's",,https://www.lotusgarments.com,"Levis, Wrangler, Lee, GAP & Ralph Lauren",lotus@lotusgarments.com,20 663735551,Egypt
World Knits,Manufacturer,"Athleisure, Sportswear","Menswear, Womenswear & Children's",,https://worldknitsltd.com,"Adidas, Gymshark & Fila",wkl@wknits.com,230 4038552,Mauritius
Vita Couture,Manufacturer/Supplier,"Outerwear, Knitwear, Wovens & Formal Wear","Menswear, Womenswear & Children's",,https://www.vita-couture.com,Massimo Dutti,contact@vitacouture.com,(+212) 539 400090,Morocco & Barcelona
Larimode,Manufacturer/Supplier,Knitwear & Wovens,"Menswear, Womenswear & Children's",,https://www.larimode.com,"Sandro, Massimo Dutti, Mango, Hackett London",contact@larimode.com,"(+212) 5 39 35 26 62 / 
(+212) 5 39 35 26 63",Morocco
Jinane Fashion,Manufacturer,Knitwear & Wovens,"Menswear, Womenswear & Children's",,https://www.jinanefashion.com/en/index.html,"Zara, Pull&Bear, Mango, Bershka, River Island, Massimo Dutti",Web Form,(+212) 539 400 447,Morocco
Platform & Design,Manufacturer,Knitwear & Wovens,"Menswear, Womenswear & Children's",,https://platformanddesign.com/index/index.html,"Zara, H&M, Pull&Bear, Massimo Dutti & ASOS",info@platformanddesign.com,(+212) 539 40 08 69,Morocco
Monte Pull,Manufacturer,Knitwear & Wovens,"Menswear, Womenswear & Children's",,https://montepullcom-93.webself.net/accueil,Available Upon Request,commercial@montepull.com,Web Form,Morocco
Filmod,Manufacturer,"Outerwear, Knitwear, Wovens & Formal Wear",Womenswear,,https://filmod.ma/,Available Upon Request,contact@filmod.ma,(+212) 522 717 676,Morocco
Crossing,Manufacturer,Knitwear & Wovens,"Menswear, Womenswear & Children's",,https://crossing.ma/,Available Upon Request,info@crossing.ma,(+212) 05 22 72 72 58,Morocco
Simtis,Manufacturer/Supplier,Knitwear & Wovens,"Menswear, Womenswear & Children's",,http://www.simtis.ma/en,"Zara, Dior, Kenzo & Mango",simtis@softgroup.ma,(+212) 05 22 35 15 88,Morocco
Nahid Textil SARL,Manufacturer,Knitwear & Wovens,"Menswear, Womenswear, Children's & Baby",,"https://nahid-textil-sarl.business.site/
","Inditex, Massimo Dutti, Zara, Benetton, Mango",Web Form,(+212) 539 394725,Morocco
Casual Pant,Manufacturer/Supplier,"Outerwear, Knitwear, Wovens & Formal Wear","Menswear, Womenswear & Children's",,https://casualpant.com/,"Zara, Celio & Massimo Dutti",contact@casualpant.com,(+212) 522 711 111,Morocco
Gokaldas,Manufacturer,"Outerwear, Knitwear & Wovens","Menswear, Womenswear & Children's",,https://www.gokaldasexports.com/,"Carhartt, ASOS, Puma, GAP & Columbia",info@gokaldasexports.com,(+91) 80 689 51000,India
Shahi,Manufacturer/Supplier,"Outerwear, Knitwear & Wovens","Menswear, Womenswear & Children's",,https://www.shahi.co.in,"Carhartt, Ralph Lauren, GAP, Levis, Uniqlo, Nike, Michael Kors, H&M & Vans",delhi@shahi.co.in,(+91) 12 942 88000,India
Arvind,Manufacturer,"Denim, Knitwear & Wovens","Menswear, Womenswear & Children's",,https://www.arvind.com/,"Calvin Klein, Carhartt, Tommy Hilfiger & Ed Hardy",info@arvind.in,(+91) 79 682 68000,India
Bhartiya,Manufacturer/Supplier,"Leather Goods, Accessories & Outerwear","Menswear, Womenswear & Children's",,https://www.bhartiya.com/,"Ralph Lauren, ASOS, Levis, Ted Baker & Timberland",bhartiya@bhartiya.com,(+91) 12 448 88555,India
Alpine Apparels,Manufacturer,Accessories & Footwear,"Menswear, Womenswear & Children's",,https://alpineapparels.com,"Ralph Lauren, ASOS & Urban Outfitters",contact@alpineapparels.com,(+91) 12 940 99400,India
Matrix Clothing,Manufacturer,"Knitwear, Wovens, Sportswear & Workwear",Menswear & Womenswear,,https://www.matrixclothing.in/,"Napapijri, Ralph Lauren, The North Face, Superdry, Timberland & Dickies",info@matrixclothing.in,(+91) 12 445 10500,India
Radnik Exports,Manufacturer,"Knitwear, Wovens & Eveningwear",Menswear & Womenswear,,https://www.radnikexports.com,"Tommy Hilfiger, Ralph Lauren, Benetton, Marks&Spencer, H&M & Guess",info@radnikexports.com,(+91) 11 407 48200,India
KH Group,Manufacturer,"Leather Goods, Accessories & Footwear",Menswear & Womenswear,,https://khindia.com/,"Prada, Michael Kors, Ralph Lauren, Coach, Armani & Kate Spade",khgroups@khindia.com,(+91) 44 264 93698,India
Modelama Exports,Manufacturer,"Outerwear, Knitwear, Wovens & Accessories","Menswear, Womenswear & Children's",,https://www.modelama.com/,Ralph Lauren & Nordstrom,info@modelamaexports.com,(+91) 12 423 97843,India
Savi Leathers,Manufacturer,Leather Goods & Accessories,"Menswear, Womenswear & Children's",,https://savileathers.in/,"Ralph Lauren, Micahel Kors, Harley Davidson & Guess",info@savileathers.in,(+91) 12 024 90801,India
The Odd Factory,Manufacturer,Knitwear & Wovens,"Menswear, Womenswear & Children's",,https://theoddfactory.com/,Available Upon Request,info@theoddfactory.com,(+91) 75 069 22569,India
Hingto,Manufacturer,Athleisure & Sportswear,"Menswear, Womenswear & Children's",,https://www.hingto.com/en-au,"RVCA, Speedo, Adidas & Nimble Activewear",Web Form,Web Form,Australia
CGT Australia,Manufacturer,Knitwear & Wovens,"Menswear, Womenswear & Children's",60 pcs,https://www.cgtaustralia.com,"Harrods, Net-a-Porter, Nike & Adidas",cgtaust@bigpond.net.au,(+03) 9383 4822,Australia
K-Lee Designs,Manufacturer,"Athleisure, Sportswear & Swimwear","Menswear, Womenswear & Children's",,https://kleedesigns.com.au,Available Upon Request,info@kleedesigns.com.au,(+07) 3205 4211,Australia
Darnee Fashions,Manufacturer,Eveningwear & Suiting,Womenswear & Children's,,https://www.darneefashions.com/,"Kloke, Cable Melbourne, Digby's, Victoria&Woods & Anne Hoffman",production@darnee.com,(+03) 9388 9110,Australia
KJ Production House,Manufacturer,"Knitwear, Wovens & Sportswear","Menswear, Womenswear & Children's",,https://www.kjproductionhouse.com.au/index.html,"Little Black Dress, Taylor Sydney, Meri by Design,10 Knots, Dirty Dak's & Bare Bum Bikinis",karen@kjproductionhouse.com.au,(+04) 0401 5780,Australia
WATC Studio,Manufacturer/Supplier,Knitwear & Denim,Blanks for Womenswear & Menswear,,https://watc-studio.com/en-gb,Available Upon Request,Web Form,Web Form,Portugal
Rue Porter,Manufacturer/Supplier,Knitwear,Blanks for Womenswear & Menswear,,https://rueporter.com/,Available Upon Request,Web Form,Web Form,United States
Made Blanks,Manufacturer/Supplier,Knitwear,Blanks for Womenswear & Menswear,,https://madeblanks.com/,Available Upon Request,info@madeblanks.com,Web Form,United States
Los Angeles Apparel,Manufacturer/Supplier,Knitwear,Blanks for Womenswear & Menswear,,https://losangelesapparel.net,Available Upon Request,orders@losangelesapparel.net,(+1) 213-275-3120,United States
House of Blanks,Manufacturer/Supplier,Knitwear & Accessories,Blanks for Womenswear & Menswear,300 pcs,https://wholesale.houseofblanks.com/,"Supreme, Aimé Leon Dore & Kith",Web Form,Web Form,Canada
Velour Garments,Manufacturer/Supplier,Knitwear,Blanks for Womenswear & Menswear,,https://velourgarmentswholesale.com/,Available Upon Request,bulk@velourgarments.com,Web Form,Spain
Stanley Stella,Manufacturer/Supplier,Knitwear,Blanks for Womenswear & Menswear,,https://www.stanleystella.com/en-gb/,Available Upon Request,customercare@stanleystella.com,"(+44) 20 37 69 17 81 / 
(+1) 949 932 - 0142 ","Belgium, US"
Seasonal Blanks,Manufacturer/Supplier,Knitwear,Blanks for Womenswear & Menswear,,https://seasonalblanks.com/,Available Upon Request,info@seasonalblanks.com,Web Form,United Kingdom
S&S Activewear,Wholesaler,Knitwear,Blanks for Womenswear & Menswear,,https://www.ssactivewear.com/,Available Upon Request, orders@ssactivewear.com,(+1) 800-523-2155,United States
Ralawise,Wholesaler,Knitwear,Blanks for Womenswear & Menswear,,https://shop.ralawise.com,Available Upon Request,sales@ralawise.com,(+44) 0800 212 1800,United Kingdom
BTC Activewear,Wholesaler,Knitwear,Blanks for Womenswear & Menswear,,https://www.btcactivewear.co.uk,Available Upon Request,salesteam@btcactivewear.co.uk,Web Form,United Kingdom
Russell Europe,Wholesaler,Knitwear,Blanks for Womenswear & Menswear,,https://www.russelleurope.com/s/?language=en_GB,Available Upon Request,Web Form,Web Form,United Kingdom
Build your Brand,Wholesaler,Knitwear,Blanks for Womenswear & Menswear,,https://www.buildyourbrand.de/,Available Upon Request,info@tbint.de,(+49) 6154 57 40 20,Germany
Tridi Active,Wholesaler,Activewear,Blanks for Womenswear & Menswear,,https://tridriactive.com,Available Upon Request,info@tridiactive.com,Web Form,Europe / United States
Calvi Wholesale,Manufacturer/Supplier,Knitwear,Blanks for Womenswear & Menswear,,https://calviwholesale.com,Available Upon Request,geral@calviwholesale.com,Web Form,Portugal
Blanks by Thirteen,Manufacturer/Supplier,Knitwear,Blanks for Womenswear & Menswear,,https://blanksbythirteen.com,Available Upon Request,support@blanksbythirteenstudios.com,Web Form,United States
AS Colour,Manufacturer/Supplier,Knitwear,Blanks for Womenswear & Menswear,,https://www.ascolour.com.au,Available Upon Request,support@ascolour.com.au,(+61) 03 8677 5850,Australia
Bar One Clothing,Manufacturer/Supplier,Knitwear,Blanks for Womenswear & Menswear,,https://www.baroneclothing.com,Available Upon Request,sales@baroneclothing.com,(+44) 0141 226 4171,United Kingdom
T-Shirt Personnalise,Manufacturer/Supplier,Knitwear,Blanks for Womenswear & Menswear,,https://tshirt-bio-personnalise.fr,"Chanel, Hermes & Givenchy",contact@tshirt-bio-personnalise.fr,01 46 06 90 73,France
The T-Shirt Factory,Manufacturer/Supplier,"Knitwear, Screenprinting, DTG & Embroidery",Blanks for Womenswear & Menswear,,https://www.thetshirt-factory.co.uk,Available Upon Request,info@thetshirt-factory.co.uk,(+44) 0116 262 0786,United Kingdom
JB Screen Printing & Embroidery,Manufacturer/Supplier,"Knitwear, Screenprinting, DTG, Vinyl & Embroidery","Womenswear, Menswear & Children",,https://jbprintny.com,Available Upon Request,JBPrintNY@gmail.com,(+1) 718-799-6765,United States
Money Merch,Printer,"Screenprinting, DTG & Embroidery","Womenswear, Menswear & Children",,https://moneymerch.com,Available Upon Request,info@moneymerch.com,(+1) 714 900-7290,United States
October Textiles,Printer,Screenprinting & Embroidery,"Womenswear, Menswear & Children",,https://www.october.co.uk,Represent & Cole Buxton,info@october.co.uk,(+44) 0115 958 5000,United Kingdom
DFT Printing Studio,Printer,"Screenprinting, Vinyl, DTG & Embroidery","Womenswear, Menswear & Children",,https://www.dftprintingstudio.com,"Supreme, A-Cold-Wall, Nike, Timberland, Adidas, Ozwald Boatend, Maison Margela & Burberry",info@dftprintingstudio.com,(+44) 0203 489 8081,United Kingdom
UKM Print,Printer,Screenprinting & Embroidery,"Womenswear, Menswear & Children",,https://www.ukm-print.com,Available Upon Request,sales@ukmprint.com,(+44) 0121 475 3378,United Kingdom
Classy Screens NY,Printer,Screenprinting & Embroidery,"Womenswear, Menswear & Children",,https://www.classyscreensny.com,"Extra Butter, Coors, Yellowstone, NYC FC & Druski",info@classyscreens.com,(+1) 347-461-0755,United States
Das T-Shirt Automat,Printer,Screenprinting & Embroidery,"Womenswear, Menswear & Children",,https://www.dastshirtautomat.com.au,"Collarts, YWCA & Melbourne Museum",Web Form,(03) 9933 4694,Australia
All Of The Above,Printer,Screenprinting & Embroidery,"Womenswear, Menswear & Children",,https://alloftheabove.com.au,New Era,sales@alloftheabove.com.au,(+61) 03 8415 0461,Australia
Machine Screen Printers,Printer,Screenprinting & Embroidery,"Womenswear, Menswear & Children",,https://www.machinescreenprinters.au,"Lululemon, Nike & HUF",info@machinescreenprinters.com.au,(+61) 03 9419 4977,Australia
Aisle6ix Industries,Printer,Screenprinting & Embroidery,"Womenswear, Menswear & Children",,https://aisle6ix.com,Available Upon Request,info@aisle6ix.com,(+61) 04 1681 9405,Australia
Born & Thread,Printer,Screenprinting & Embroidery,"Womenswear, Menswear & Children",,https://bornandthread.com,Bosch,sales@bornandthread.com,(+61) 03 9933 4249,Australia
Classic Colour Print,Printer,"Screenprinting, Embroidery & Stickers","Womenswear, Menswear & Children",,https://classiccolourprintco.com.au/,F45,info@classiccolourprintco.com.au,(+61) 04 8038 3829,Australia
DRK LBL,Printer,Screenprinting & Embroidery,"Womenswear, Menswear & Children",,https://www.drklbl.com.au,"Billabong, Disney & ROXY",info@drklbl.com.au,(+61) 13 0085 3474,Australia
Halo Print Co,Printer,Screenprinting & Embroidery,"Womenswear, Menswear & Children",,https://haloprintco.com,Lululemon,support@haloprintco.com,(+61) 04 1196 6964,Australia
Thread & Butter,Printer,Screenprinting & Embroidery,"Womenswear, Menswear & Children",,https://www.threadandbutter.com.au,Available Upon Request,hola@threadandbutter.com.au,(+61) 04 6884 8487,Australia
While You Sleep,Printer,Screenprinting & Embroidery,"Womenswear, Menswear & Children",,https://whileyousleep.com.au,"RMIT University, Grimleys & Fast Times",print@whileyousleep.com.au,(+61) 03 9419 0050,Australia
3rd Rail Clothing,Printer,Screenprinting & Embroidery,"Womenswear, Menswear & Children",,https://3rdrailclothing.co.uk,"Converse, Nike, Adidas & Levis",sales@3rdclothing.co.uk,(+44) 0207 231 0866,United Kingdom
Fifth Column,Printer,Screenprinting & Embroidery,"Womenswear, Menswear & Children",,https://fifthcolumn.co.uk,"The Clash, X-Ray Spex, The Jam & The Damned",info@fifthcolumn.co.uk,(+44) 0208 801 2383,United Kingdom
I Dress Myself,Printer,Screenprinting & Embroidery,"Womenswear, Menswear & Children",,https://www.idressmyself.co.uk,"LUSH, Shark/Ninja & Katharine Hamnett",info@idressmyself.co.uk,(+44) 0137 346 4865,United Kingdom
Groenewas,Printer,"Screenprinting, DTG & Embroidery","Womenswear, Menswear & Children",,https://www.groenewas.nl,Levis,info@groenewas.nl,(+31) 024 850 4918,Amsterdam
More Color,Printer,Screenprinting & Embroidery,"Womenswear, Menswear & Children",,https://www.morecolor.nl,Patta,Web Form,(+31) 020 362 4205,Amsterdam
Arsonists,Printer,Screenprinting & Embroidery,"Womenswear, Menswear & Children",,https://www.arsonists.de,"Arcteryx, Vans & Lululemon",info@arsonists.de,(+49) 089 2097 1201,Germany
Homesick Merch,Printer,Screenprinting & Embroidery,"Womenswear, Menswear & Children",,https://homesick-merch.de,Available Upon Request,info@homesick-merch.de,0251 71 326 360,Germany
Affective,Printer,Screenprinting & Embroidery,"Womenswear, Menswear & Children",,https://affective.fr,"Chanel, LVMH & Lacoste",contact@affective.fr,09 72 64 53 55,France
Youtar 1894,Printer,Screenprinting & Embroidery,"Womenswear, Menswear & Children",,https://youtar1894.com,Available Upon Request,contact@youtar1894.com,02 29 63 04 68,France
Deluxe Screen Printing,Printer,Screenprinting & Embroidery,"Womenswear, Menswear & Children",,https://www.deluxescreenprinting.net,Available Upon Request,hello@deluxescreenprinting.net,(+1) 213-765-0838,United States
The Best Screen Printing,Printer,Screenprinting & Embroidery,"Womenswear, Menswear & Children",,https://thebestscreenprinting.com,"Netflix, ON, Adidas, YouTube, Google & Nike",quote@tbsp.la,(+1) 323-433-0033,United States
Print Renegades,Printer,Screenprinting & Embroidery,"Womenswear, Menswear & Children",,https://www.printrenegades.com,Adidas & Disney,Web Form,(+1) 213-536-5233,United States
KTG Printing,Printer,"Screenprinting, Embroidery & Stickers","Womenswear, Menswear & Children",,https://www.ktgprinting.com,Available Upon Request,ktgprinting@gmail.com,(+1) 818-491-7465,United States